"Reference","Qty","Value","DNP","Exclude from BOM","Exclude from Board","Footprint","Datasheet"
"C1,C12,C13,C25","4","0.1u","","","","Capacitor_SMD:C_0805_2012Metric","~"
"C2,C3,C7,C16,C17","5","22u","","","","Capacitor_SMD:C_0805_2012Metric","~"
"C4,C18","2","100u","","","","Capacitor_SMD:C_1206_3216Metric","~"
"C5","1","10n","","","","Capacitor_SMD:C_0805_2012Metric","~"
"C6","1","4.7n","","","","Capacitor_SMD:C_0805_2012Metric","~"
"C8","1","4.7u","","","","Capacitor_SMD:C_0805_2012Metric","~"
"C9","1","2.2","","","","Capacitor_SMD:C_0805_2012Metric","~"
"C10,C11,C14,C26","4","10u","","","","Capacitor_SMD:C_0805_2012Metric","~"
"C15","1","1u","","","","Capacitor_SMD:C_0805_2012Metric","~"
"C19,C22","2","1u","","","","Inductor_SMD:L_0805_2012Metric","~"
"C20","1","10n","","","","Inductor_SMD:L_0805_2012Metric","~"
"C21,C24","2","10u","","","","Inductor_SMD:L_0805_2012Metric","~"
"C23","1","4.7u","","","","Inductor_SMD:L_0805_2012Metric","~"
"D1,D2","2","15V","","","","Diode_SMD:D_SOD-123","~"
"F1","1","Fuse","","","","Fuse:Fuse_1206_3216Metric","~"
"J1,J2","2","Conn_01x02_Pin","","","","Connector_AMASS:AMASS_XT30U-M_1x02_P5.0mm_Vertical","~"
"J9,J11","2","Conn_01x02_Pin","","","","Connector_JST:JST_PH_B2B-PH-SM4-TB_1x02-1MP_P2.00mm_Vertical","~"
"L1","1","25u","","","","Inductor_SMD:L_0805_2012Metric","~"
"L2","1","13u","","","","Inductor_SMD:L_0603_1608Metric","~"
"L3","1","40u","","","","Inductor_SMD:L_0805_2012Metric","~"
"Q1,Q2","2","NMOS","","","","Package_TO_SOT_THT:TO-220-3_Horizontal_TabDown","https://ngspice.sourceforge.io/docs/ngspice-html-manual/manual.xhtml#cha_MOSFETs"
"R1,R3","2","2","","","","Resistor_SMD:R_0805_2012Metric","~"
"R2","1","523","","","","Resistor_SMD:R_0805_2012Metric","~"
"R4","1","10k","","","","Resistor_SMD:R_0805_2012Metric","~"
"R5","1","1.42k","","","","Resistor_SMD:R_0805_2012Metric","~"
"R6","1","150k","","","","Resistor_SMD:R_0805_2012Metric","~"
"R7","1","112k","","","","Resistor_SMD:R_0805_2012Metric","~"
"R8","1","72k","","","","Resistor_SMD:R_0805_2012Metric","~"
"R9","1","27k","","","","Resistor_SMD:R_0805_2012Metric","~"
"R10","1","R","","","","Resistor_SMD:R_0805_2012Metric","~"
"R11","1","20","","","","Resistor_SMD:R_0805_2012Metric","~"
"R12,R13","2","100k","","","","Resistor_SMD:R_0805_2012Metric","~"
"SW1","1","SW_Push","","","","Connector_JST:JST_PH_B2B-PH-SM4-TB_1x02-1MP_P2.00mm_Vertical","~"
"U1","1","MIC28514T-E_PHA","","","","MIC28514T_E_PHA (2):CONV_MIC28514T-E_PHA",""
"U2","1","ADP2370ACPZ-3.3-R7","","","","ADP2370ACPZ_3_3_R7:CP_8_5_ADI","https://www.analog.com/media/en/technical-documentation/data-sheets/ADP2370_2371.pdf"
"U3","1","MAX17501FATB+T","","","","MAX17501FATB_T:21-0429_T1032N&plus_1_MXM","MAX17501FATB+T"
"U4","1","LTC7001EMSE-PBF","","","","LTC7001EMSE_PBF:05-08-1664_ADI","https://www.analog.com/media/en/technical-documentation/data-sheets/LTC7001.pdf"
